,,Pollster Characteristics (as of Aug. 2014),,,,,,Key Ratings,,,,,Basic Stats,,,,,,Advanced Stats,,,,Bias Analysis,,,
,Pollster,# of Polls,NCPP / AAPOR / Roper,Live Caller With Cellphones,Internet,Banned by 538,,Historical Advanced Plus-Minus,Predictive    Plus-Minus,538 Grade,Mean-Reverted Bias,,Races Called Correctly,Misses Outside MOE,Simple Average Error,Simple Expected Error,Simple Plus-Minus,,Advanced Plus-Minus,Mean-Reverted Advanced Plus Minus,Predictive Plus-Minus,,# of Polls for Bias Analysis,Bias,Mean-Reverted Bias,House Effect
1,Monmouth University,71,yes,yes,no,no,,-1.5,-1.2,A+,D +0.6,,85%,20%,5.5,6.4,-0.9,,-1.5,-1.0,-1.2,,41,D +1.0,D +0.6,R +0.8
2,Field Research Corporation (Field Poll),25,yes,yes,no,no,,-2.5,-1.1,A+,R +1.1,,100%,16%,3.9,5.6,-1.7,,-2.5,-1.2,-1.1,,17,R +3.0,R +1.1,D +0.9
3,Selzer & Company,37,yes,yes,no,no,,-1.6,-1.1,A+,R +0.0,,84%,24%,4.6,5.7,-1.1,,-1.6,-0.9,-1.1,,24,R +0.0,R +0.0,D +1.1
4,Elway Research,18,yes,yes,no,no,,-2.3,-1.0,A+,D +0.5,,89%,6%,4.0,5.9,-1.9,,-2.3,-0.9,-1.0,,16,D +1.4,D +0.5,D +3.8
5,Ciruli Associates,17,yes,yes,no,no,,-2.0,-1.0,A+,R +0.7,,94%,0%,3.6,5.5,-1.9,,-2.0,-0.7,-1.0,,16,R +2.1,R +0.7,R +2.5
6,ABC News/Washington Post,51,yes,yes,no,no,,-1.0,-0.9,A+,D +0.6,,78%,6%,3.0,4.6,-1.5,,-1.0,-0.7,-0.9,,46,D +1.0,D +0.6,D +1.7
7,Grove Insight,29,no,yes,no,no,,-2.5,-0.8,A,D +0.5,,90%,7%,3.1,5.0,-1.8,,-2.5,-1.2,-0.8,,29,D +1.0,D +0.5,D +3.4
8,Marist College,146,yes,yes,no,no,,-0.8,-0.8,A,R +0.7,,88%,19%,5.4,6.1,-0.7,,-0.8,-0.7,-0.8,,85,R +0.9,R +0.7,D +0.4
9,Muhlenberg College,22,yes,yes,no,no,,-1.3,-0.8,A,R +0.5,,91%,9%,3.5,5.2,-1.7,,-1.3,-0.6,-0.8,,21,R +1.2,R +0.5,D +0.0
10,National Journal,12,yes,yes,no,no,,-2.6,-0.8,A,R +0.2,,100%,0%,2.6,5.1,-2.5,,-2.6,-0.7,-0.8,,12,R +0.6,R +0.2,D +0.3
11,Public Policy Institute of California,12,yes,yes,no,no,,-2.0,-0.8,A,R +0.7,,100%,8%,4.1,6.1,-2.0,,-2.0,-0.6,-0.8,,8,R +3.4,R +0.7,R +1.0
12,SurveyUSA,763,yes,no,no,no,,-1.0,-0.8,A,D +0.1,,90%,16%,4.6,5.6,-0.9,,-1.0,-0.9,-0.8,,597,D +0.1,D +0.1,R +0.3
13,University of Cincinnati (Ohio Poll),38,yes,yes,no,no,,-0.9,-0.7,A,R +1.5,,93%,16%,3.7,5.4,-1.7,,-0.9,-0.5,-0.7,,29,R +3.0,R +1.5,R +2.3
14,Siena College,42,yes,yes,no,no,,-0.8,-0.7,A,R +0.3,,85%,17%,5.3,5.5,-0.2,,-0.8,-0.5,-0.7,,38,R +0.5,R +0.3,R +1.7
15,Fairleigh Dickinson University (PublicMind),18,yes,yes,no,no,,-1.3,-0.7,A,D +0.0,,94%,6%,4.1,5.3,-1.2,,-1.3,-0.5,-0.7,,17,D +0.1,D +0.0,D +3.1
16,"Research & Polling, Inc.",26,no,yes,no,no,,-1.7,-0.6,A,R +0.7,,85%,8%,4.1,5.7,-1.5,,-1.7,-0.8,-0.6,,25,R +1.5,R +0.7,R +1.4
17,Fox News/Anderson Robbins Research/Shaw & Company Research,24,yes,yes,no,no,,-0.8,-0.6,A,D +0.4,,65%,42%,6.4,6.5,-0.1,,-0.8,-0.3,-0.6,,9,D +1.9,D +0.4,D +0.6
18,Marquette University,7,yes,yes,no,no,,-3.8,-0.6,A,R +0.1,,100%,0%,2.6,6.2,-3.5,,-3.8,-0.7,-0.6,,4,R +0.5,R +0.1,D +0.1
19,Behavior Research Center (Rocky Mountain),7,yes,yes,no,no,,-2.5,-0.6,A,D +0.1,,71%,0%,3.5,6.5,-3.0,,-2.5,-0.5,-0.6,,5,D +0.6,D +0.1,R +2.1
20,Blum & Weprin Associates,18,no,yes,no,no,,-2.6,-0.6,A,R +1.0,,94%,11%,4.6,5.1,-0.5,,-2.6,-1.0,-0.6,,16,R +3.0,R +1.0,D +1.2
21,NBC News/Wall Street Journal,25,yes,yes,no,no,,-0.6,-0.5,A-,D +0.5,,74%,12%,4.2,5.2,-1.0,,-0.6,-0.3,-0.5,,20,D +1.1,D +0.5,D +0.7
22,University of Connecticut,7,yes,yes,no,no,,-1.6,-0.5,A-,R +0.4,,93%,0%,3.6,5.6,-1.9,,-1.6,-0.3,-0.5,,7,R +1.9,R +0.4,R +2.0
23,Time/Abt SRBI,7,yes,yes,no,no,,-1.5,-0.5,A-,D +0.4,,100%,0%,3.2,5.1,-1.9,,-1.5,-0.3,-0.5,,6,D +2.7,D +0.4,R +0.2
24,Angus Reid Global,29,no,no,yes,no,,-2.0,-0.4,A-,R +1.3,,93%,3%,3.3,4.9,-1.6,,-2.0,-1.0,-0.4,,29,R +2.7,R +1.3,D +0.8
25,Ipsos,49,yes,no,yes,no,,-0.9,-0.4,A-,D +0.1,,78%,8%,4.3,4.8,-0.5,,-0.9,-0.6,-0.4,,43,D +0.2,D +0.1,D +0.9
26,Quinnipiac University,169,yes,yes,no,no,,-0.3,-0.4,A-,R +0.7,,87%,23%,4.7,5.6,-0.9,,-0.3,-0.3,-0.4,,117,R +0.8,R +0.7,D +0.3
27,University of Arkansas,4,yes,yes,no,no,,-5.5,-0.4,A-,D +0.3,,100%,0%,2.4,5.3,-2.8,,-5.5,-0.6,-0.4,,4,D +2.4,D +0.3,R +5.1
28,IBD/TIPP,17,no,yes,no,no,,-1.6,-0.4,A-,R +0.7,,76%,6%,2.3,3.4,-1.1,,-1.6,-0.6,-0.4,,17,R +2.1,R +0.7,R +1.1
29,CBS News/New York Times,55,yes,yes,no,no,,-0.3,-0.4,A-,D +0.6,,75%,16%,4.7,5.3,-0.6,,-0.3,-0.2,-0.4,,45,D +1.1,D +0.6,D +2.0
30,CNN/Opinion Research Corp.,89,yes,yes,no,no,,-0.3,-0.4,A-,R +0.1,,76%,25%,5.5,5.8,-0.3,,-0.3,-0.2,-0.4,,61,R +0.2,R +0.1,D +0.4
31,Los Angeles Times,40,yes,yes,no,no,,-0.2,-0.4,A-,R +0.6,,86%,18%,5.2,6.1,-0.8,,-0.2,-0.1,-0.4,,24,R +1.4,R +0.6,D +0.6
32,MassINC Polling Group,11,no,yes,no,no,,-2.4,-0.3,A-,R +0.2,,100%,9%,3.1,6.6,-3.5,,-2.4,-0.7,-0.3,,7,R +0.9,R +0.2,D +1.8
33,St. Norbert College,12,no,yes,no,no,,-1.8,-0.3,A-,D +0.3,,88%,0%,3.9,6.1,-2.2,,-1.8,-0.5,-0.3,,11,D +0.9,D +0.3,D +2.9
34,EPIC-MRA,43,no,yes,no,no,,-0.8,-0.3,A-,R +0.4,,84%,19%,5.1,5.7,-0.6,,-0.8,-0.4,-0.3,,38,R +0.6,R +0.4,D +0.8
35,Western New England University,11,yes,yes,no,no,,-0.3,-0.3,A-,R +1.2,,86%,27%,5.8,5.7,+0.1,,-0.3,-0.1,-0.3,,10,R +4.6,R +1.2,R +0.4
36,University of North Florida,4,yes,yes,no,no,,-1.0,-0.3,B+,D +0.3,,50%,0%,4.5,6.7,-2.2,,-1.0,-0.1,-0.3,,2,D +5.1,D +0.3,D +2.7
37,University of New Hampshire,93,yes,yes,no,no,,-0.1,-0.3,B+,D +1.7,,88%,17%,5.3,5.8,-0.5,,-0.1,-0.1,-0.3,,77,D +2.3,D +1.7,D +3.1
38,High Point University,2,yes,yes,no,no,,-5.6,-0.3,B+,D +0.0,,100%,0%,0.9,4.2,-3.3,,-5.6,-0.4,-0.3,,2,D +0.1,D +0.0,D +1.8
39,Indiana University,2,yes,yes,no,no,,-4.2,-0.3,B+,D +0.1,,100%,0%,0.9,5.8,-5.0,,-4.2,-0.3,-0.3,,2,D +0.9,D +0.1,D +4.1
40,GfK Group,19,yes,no,yes,no,,-1.1,-0.2,B+,R +0.1,,92%,11%,3.4,4.7,-1.3,,-1.1,-0.4,-0.2,,19,R +0.2,R +0.1,D +0.7
41,Castleton University,3,yes,yes,no,no,,-1.0,-0.2,B+,,,100%,0%,9.9,9.7,+0.3,,-1.0,-0.1,-0.2,,0,,,
42,Lake Research Partners,9,no,yes,no,no,,-2.3,-0.2,B+,D +0.5,,83%,11%,3.8,5.6,-1.8,,-2.3,-0.5,-0.2,,9,D +2.2,D +0.5,D +3.1
43,Princeton Survey Research Associates International,32,yes,yes,no,no,,+0.0,-0.2,B+,D +0.3,,69%,25%,4.6,4.8,-0.2,,+0.0,+0.0,-0.2,,31,D +0.5,D +0.3,R +0.2
44,Garin-Hart-Yang Research Group,22,no,yes,no,no,,-0.9,-0.2,B+,D +1.3,,86%,32%,5.3,5.6,-0.3,,-0.9,-0.4,-0.2,,22,D +3.0,D +1.3,D +4.8
45,Franklin & Marshall College,18,yes,yes,no,no,,+0.1,-0.2,B+,R +0.4,,94%,17%,5.7,5.9,-0.1,,+0.1,+0.0,-0.2,,15,R +1.1,R +0.4,D +0.6
46,"RKM Research and Communications, Inc.",26,no,yes,no,no,,-0.8,-0.2,B+,R +0.2,,87%,19%,5.6,6.3,-0.7,,-0.8,-0.4,-0.2,,18,R +0.6,R +0.2,R +1.4
47,University of South Alabama,8,no,yes,no,no,,-3.0,-0.2,B+,R +0.4,,100%,0%,2.8,5.1,-2.3,,-3.0,-0.6,-0.2,,8,R +1.9,R +0.4,R +1.5
48,University of Florida,1,yes,yes,no,no,,-2.2,-0.2,B+,D +0.0,,50%,0%,1.1,4.8,-3.7,,-2.2,-0.1,-0.2,,1,D +1.1,D +0.0,R +0.9
49,"Mason-Dixon Polling & Research, Inc.",415,no,yes,no,no,,-0.4,-0.2,B+,R +1.0,,86%,20%,5.2,5.4,-0.2,,-0.4,-0.4,-0.2,,355,R +1.0,R +1.0,R +1.1
50,Pew Research Center,20,yes,yes,no,no,,+0.1,-0.2,B+,D +0.6,,58%,25%,3.4,4.0,-0.6,,+0.1,+0.1,-0.2,,20,D +1.4,D +0.6,D +0.9
51,"National Research, Inc.",8,no,yes,no,no,,-1.9,-0.2,B+,R +0.5,,81%,13%,5.1,6.4,-1.4,,-1.9,-0.4,-0.2,,6,R +2.7,R +0.5,R +4.6
52,Market Shares Corp.,26,yes,yes,no,no,,+0.2,-0.1,B+,R +1.7,,85%,19%,6.8,5.5,+1.3,,+0.2,+0.1,-0.1,,22,R +4.1,R +1.7,R +2.1
53,Fleming & Associates,15,no,yes,no,no,,-1.0,-0.1,B+,R +0.3,,100%,0%,5.1,5.9,-0.8,,-1.0,-0.3,-0.1,,13,R +1.0,R +0.3,R +0.2
54,Market Research Insight,7,no,yes,no,no,,-4.4,-0.1,B+,D +0.2,,100%,0%,1.8,4.9,-3.1,,-4.4,-0.8,-0.1,,5,D +1.3,D +0.2,D +1.9
55,Montana State University Billings,7,no,yes,no,no,,-3.7,-0.1,B+,D +0.6,,57%,0%,3.6,5.9,-2.2,,-3.7,-0.7,-0.1,,7,D +3.0,D +0.6,D +2.6
56,Riley Research Associates,7,no,yes,no,no,,-2.4,-0.1,B+,R +0.1,,100%,0%,2.7,5.5,-2.8,,-2.4,-0.5,-0.1,,7,R +0.6,R +0.1,R +1.4
57,Vanderbilt University,1,yes,yes,no,no,,+0.5,-0.1,B+,,,100%,100%,8.9,8.1,+0.8,,+0.5,+0.0,-0.1,,0,,,
58,Elon University,4,yes,yes,no,no,,+0.7,-0.1,B+,D +0.4,,50%,0%,4.0,4.2,-0.2,,+0.7,+0.1,-0.1,,4,D +3.2,D +0.4,D +3.7
59,RT Strategies,42,yes,yes,no,no,,+0.3,-0.1,B+,D +1.1,,71%,40%,5.8,5.4,+0.4,,+0.3,+0.2,-0.1,,42,D +1.9,D +1.1,D +3.5
60,Public Policy Polling,383,no,no,no,no,,-0.5,-0.1,B+,R +0.2,,82%,27%,4.9,5.3,-0.4,,-0.5,-0.5,-0.1,,263,R +0.2,R +0.2,D +0.9
61,Greenberg Quinlan Rosner/American Viewpoint,5,no,yes,no,no,,-2.8,-0.0,B+,R +0.6,,100%,40%,4.4,5.6,-1.1,,-2.8,-0.4,-0.0,,4,R +4.8,R +0.6,D +1.8
62,Ward Research (Honolulu Star-Advertiser),14,no,yes,no,no,,-0.7,-0.0,B+,R +0.6,,75%,29%,6.0,5.9,+0.1,,-0.7,-0.2,-0.0,,14,R +1.7,R +0.6,D +1.6
63,"Harstad Strategic Research, Inc.",9,no,yes,no,no,,-1.0,-0.0,B+,D +0.8,,72%,11%,3.8,5.8,-2.0,,-1.0,-0.2,-0.0,,9,D +3.4,D +0.8,D +3.1
64,Temple University,6,yes,no,no,no,,-1.5,-0.0,B+,R +0.4,,100%,17%,3.7,5.1,-1.4,,-1.5,-0.3,-0.0,,5,R +2.5,R +0.4,D +0.7
65,Suffolk University,67,no,yes,no,no,,-0.2,-0.0,B+,D +0.7,,82%,19%,5.2,6.5,-1.2,,-0.2,-0.2,-0.0,,36,D +1.3,D +0.7,D +2.6
66,Pan Atlantic SMS Group,17,no,yes,no,no,,-0.5,+0.0,B+,D +0.9,,91%,24%,6.8,6.4,+0.4,,-0.5,-0.2,+0.0,,15,D +2.8,D +0.9,D +1.7
67,University of Washington,10,no,yes,no,no,,-0.9,+0.0,B,D +0.2,,100%,0%,4.0,5.0,-1.0,,-0.9,-0.2,+0.0,,10,D +0.9,D +0.2,D +4.1
68,Clemson University,5,no,yes,no,no,,-1.7,+0.0,B,R +0.5,,100%,40%,10.3,7.7,+2.6,,-1.7,-0.2,+0.0,,1,R +16.7,R +0.5,R +9.7
69,American Viewpoint,6,no,yes,no,no,,-1.4,+0.0,B,R +0.6,,67%,0%,4.0,5.6,-1.7,,-1.4,-0.2,+0.0,,6,R +3.8,R +0.6,R +4.0
70,Strategies 360,4,no,yes,no,no,,-3.2,+0.0,B,R +0.1,,63%,0%,2.0,5.2,-3.2,,-3.2,-0.4,+0.0,,4,R +0.6,R +0.1,D +1.0
71,"Davis, Hibbitts & Midghall, Inc.",12,no,yes,no,no,,-0.6,+0.0,B,R +0.0,,83%,8%,4.3,5.3,-1.0,,-0.6,-0.2,+0.0,,10,R +0.2,R +0.0,D +0.8
72,Pharos Research Group,31,no,yes,no,yes,,-0.2,+0.1,F,D +0.9,,92%,16%,4.0,4.8,-0.8,,-0.2,-0.1,+0.1,,31,D +1.7,D +0.9,D +0.9
73,Google Consumer Surveys,12,no,no,yes,no,,-1.9,+0.1,B,R +0.6,,83%,17%,2.2,2.8,-0.5,,-1.9,-0.6,+0.1,,12,R +2.2,R +0.6,D +1.5
74,University of Massachusetts Amherst,11,no,yes,no,no,,-0.5,+0.1,B,R +0.4,,100%,9%,6.5,7.8,-1.2,,-0.5,-0.1,+0.1,,2,R +7.2,R +0.4,R +1.8
75,Philadelphia Inquirer,4,no,yes,no,no,,-1.5,+0.1,B,R +0.3,,100%,0%,3.0,4.8,-1.8,,-1.5,-0.2,+0.1,,4,R +2.7,R +0.3,D +0.1
76,"Keating Research, Inc.",3,no,yes,no,no,,-3.0,+0.1,B,R +0.0,,67%,0%,2.2,4.3,-2.1,,-3.0,-0.3,+0.1,,3,R +0.3,R +0.0,D +2.6
77,Missouri State University,3,no,yes,no,no,,-2.4,+0.1,B,D +0.4,,67%,0%,4.4,6.7,-2.3,,-2.4,-0.2,+0.1,,3,D +4.1,D +0.4,D +1.2
78,Mellman Group,21,no,yes,no,no,,-0.2,+0.1,B,D +1.6,,79%,14%,4.9,5.0,-0.1,,-0.2,-0.1,+0.1,,21,D +4.0,D +1.6,D +5.4
79,Cole Hargrave Snodgrass & Associates,4,no,yes,no,no,,-1.3,+0.1,B,D +0.3,,75%,25%,6.3,6.1,+0.2,,-1.3,-0.2,+0.1,,3,D +3.4,D +0.3,R +2.3
80,University of Massachusetts Lowell,14,no,yes,no,no,,-0.2,+0.1,B,R +0.1,,93%,14%,5.3,6.8,-1.5,,-0.2,-0.1,+0.1,,6,R +0.9,R +0.1,D +0.9
81,YouGov,707,no,no,yes,no,,-0.3,+0.1,B,D +1.6,,93%,20%,6.7,6.5,+0.1,,-0.3,-0.3,+0.1,,652,D +1.7,D +1.6,D +0.2
82,Voter/Consumer Research,6,no,yes,no,no,,-0.7,+0.1,B,R +0.2,,100%,50%,5.5,5.7,-0.2,,-0.7,-0.1,+0.1,,5,R +1.5,R +0.2,R +3.9
83,SoonerPoll.com,16,yes,yes,no,no,,+1.0,+0.1,B,D +1.8,,81%,44%,8.5,5.9,+2.6,,+1.0,+0.4,+0.1,,12,D +6.4,D +1.8,D +0.5
84,Richmond Times-Dispatch,4,no,yes,no,no,,-1.1,+0.1,B,D +0.3,,100%,0%,3.3,4.4,-1.1,,-1.1,-0.1,+0.1,,4,D +2.9,D +0.3,D +2.4
85,The Polling Company Inc.,3,no,yes,no,no,,-1.5,+0.1,B,R +0.0,,100%,33%,3.7,5.5,-1.8,,-1.5,-0.1,+0.1,,3,R +0.4,R +0.0,R +5.2
86,Tarrance Group,24,no,yes,no,no,,-0.0,+0.2,B,R +0.7,,83%,21%,6.2,6.4,-0.2,,-0.0,-0.0,+0.2,,20,R +1.7,R +0.7,R +5.5
87,Public Opinion Strategies,53,no,yes,no,no,,-0.0,+0.2,B,R +1.9,,66%,21%,5.9,5.9,+0.0,,-0.0,-0.0,+0.2,,51,R +3.0,R +1.9,R +4.3
88,Market Decisions,4,no,yes,no,no,,-1.0,+0.2,B,R +0.1,,100%,25%,5.2,5.0,+0.2,,-1.0,-0.1,+0.2,,4,R +0.5,R +0.1,D +0.4
89,McKeon & Associates,2,no,yes,no,no,,-6.6,+0.2,B,R +0.0,,100%,0%,0.9,6.4,-5.5,,-6.6,-0.4,+0.2,,1,R +0.9,R +0.0,R +2.0
90,RBI Strategies & Research,2,no,yes,no,no,,-6.6,+0.2,B,R +0.0,,100%,0%,0.7,5.3,-4.6,,-6.6,-0.4,+0.2,,1,R +0.7,R +0.0,D +3.5
91,Frederick Polls,2,no,yes,no,no,,-4.9,+0.2,B,R +0.0,,75%,0%,2.4,6.4,-4.0,,-4.9,-0.3,+0.2,,1,R +0.6,R +0.0,D +3.0
92,APC Research,2,no,yes,no,no,,-3.5,+0.2,B,D +0.2,,100%,0%,2.5,5.3,-2.8,,-3.5,-0.2,+0.2,,2,D +2.5,D +0.2,R +0.6
93,Tulchin Research,2,no,yes,no,no,,-3.2,+0.2,B,R +0.2,,100%,0%,3.5,4.9,-1.4,,-3.2,-0.2,+0.2,,2,R +3.5,R +0.2,D +3.2
94,GBA Strategies,2,no,yes,no,no,,-2.7,+0.2,B,R +0.2,,100%,0%,3.7,6.4,-2.7,,-2.7,-0.2,+0.2,,2,R +3.7,R +0.2,D +4.0
95,Stockton College,5,no,yes,no,no,,-0.6,+0.2,B,D +0.5,,100%,20%,4.5,5.3,-0.8,,-0.6,-0.1,+0.2,,5,D +3.7,D +0.5,D +1.2
96,Knowledge Networks,3,yes,no,yes,no,,-1.1,+0.2,B,R +0.0,,100%,33%,4.1,4.6,-0.5,,-1.1,-0.1,+0.2,,1,R +0.3,R +0.0,R +0.3
97,Kiley & Company,2,no,yes,no,no,,-1.7,+0.2,B,D +0.2,,100%,0%,5.1,5.8,-0.7,,-1.7,-0.1,+0.2,,2,D +3.4,D +0.2,D +7.3
98,New England College,15,no,no,no,no,,-1.3,+0.2,B,R +0.6,,77%,0%,3.0,4.9,-1.8,,-1.3,-0.4,+0.2,,15,R +1.9,R +0.6,R +2.4
99,Moore Information,6,no,yes,no,no,,-0.3,+0.2,B,R +0.5,,67%,17%,6.5,6.1,+0.3,,-0.3,-0.1,+0.2,,6,R +2.8,R +0.5,R +5.1
100,Landmark Communications,24,no,no,no,no,,-0.9,+0.2,B,D +0.5,,88%,29%,4.9,5.6,-0.7,,-0.9,-0.4,+0.2,,18,D +1.4,D +0.5,R +2.8
101,"Market Research Institute, Inc.",9,no,no,no,no,,-2.4,+0.2,B,R +0.3,,100%,11%,2.9,5.2,-2.2,,-2.4,-0.5,+0.2,,9,R +1.4,R +0.3,R +0.8
102,"Glengariff Group, Inc.",7,no,yes,no,no,,-0.2,+0.2,B,R +0.1,,71%,0%,4.7,5.7,-0.9,,-0.2,-0.0,+0.2,,6,R +0.5,R +0.1,D +1.9
103,Wilson Perkins Allen Opinion Research,3,no,yes,no,no,,-0.8,+0.2,B,R +0.3,,67%,33%,6.0,5.5,+0.6,,-0.8,-0.1,+0.2,,3,R +2.9,R +0.3,R +9.6
104,Tel Opinion Research,12,no,yes,no,no,,-0.0,+0.2,B,R +0.0,,96%,17%,4.7,5.5,-0.8,,-0.0,-0.0,+0.2,,10,R +0.1,R +0.0,D +0.1
105,"Strategic Vision, LLC",129,no,no,no,yes,,-0.3,+0.2,F,R +1.9,,88%,16%,4.0,4.9,-0.9,,-0.3,-0.2,+0.2,,106,R +2.4,R +1.9,R +2.3
106,Fox News/Opinion Dynamics Corp.,34,yes,no,no,no,,+0.1,+0.2,B,R +0.5,,72%,9%,3.9,4.8,-0.9,,+0.1,+0.0,+0.2,,28,R +1.0,R +0.5,R +1.6
107,Louisville Courier-Journal,10,no,no,no,no,,-1.7,+0.2,B,R +0.3,,80%,10%,3.3,5.1,-1.8,,-1.7,-0.4,+0.2,,10,R +1.3,R +0.3,R +1.6
108,Vox Populi Communications,11,no,no,no,no,,-1.6,+0.2,B,R +0.0,,77%,9%,4.1,5.5,-1.4,,-1.6,-0.4,+0.2,,9,R +0.2,R +0.0,R +2.7
109,University of Houston,1,no,yes,no,no,,-6.6,+0.2,B,,,100%,0%,2.0,8.5,-6.5,,-6.6,-0.2,+0.2,,0,,,
110,Florida International University/Univision,1,no,yes,no,no,,-5.7,+0.2,B,D +0.1,,100%,0%,1.8,6.5,-4.6,,-5.7,-0.2,+0.2,,1,D +1.8,D +0.1,R +13.0
111,QEV Analytics,1,no,yes,no,no,,-1.9,+0.2,B,,,0%,0%,7.3,6.0,+1.4,,-1.9,-0.1,+0.2,,0,,,
112,Merrill Poll,2,no,yes,no,no,,-0.7,+0.2,B,,,100%,0%,8.7,8.8,-0.1,,-0.7,-0.0,+0.2,,0,,,
113,Hampton University,1,no,yes,no,no,,-1.8,+0.2,B,D +0.1,,100%,0%,3.5,4.9,-1.4,,-1.8,-0.1,+0.2,,1,D +3.5,D +0.1,R +1.9
114,Hill Research Consultants,4,no,yes,no,no,,-0.1,+0.3,B,R +0.4,,50%,25%,5.4,5.3,+0.2,,-0.1,-0.0,+0.3,,4,R +3.2,R +0.4,R +1.0
115,Clarity Campaign Labs,4,no,yes,no,no,,-0.1,+0.3,B,D +0.4,,63%,25%,3.2,4.8,-1.6,,-0.1,-0.0,+0.3,,4,D +3.2,D +0.4,D +4.0
116,University of Wisconsin (Badger Poll),6,yes,no,no,no,,+0.0,+0.3,B,D +0.2,,83%,17%,6.9,5.5,+1.4,,+0.0,+0.0,+0.3,,5,D +1.3,D +0.2,D +1.7
117,Financial Dynamics,15,no,no,no,no,,-1.1,+0.3,B,R +0.7,,100%,0%,2.8,4.7,-2.0,,-1.1,-0.4,+0.3,,15,R +2.0,R +0.7,R +2.1
118,George Washington University (Battleground),32,no,yes,no,no,,+0.2,+0.3,B,R +1.0,,56%,19%,3.5,4.3,-0.8,,+0.2,+0.1,+0.3,,32,R +1.9,R +1.0,R +2.0
119,Emerson College,34,yes,no,no,no,,+0.2,+0.3,B,R +1.3,,84%,32%,7.9,7.8,+0.1,,+0.2,+0.1,+0.3,,7,R +7.1,R +1.3,R +6.1
120,"Fabrizio, Lee & Associates",2,no,yes,no,no,,-0.4,+0.3,B,D +0.4,,50%,50%,5.9,6.2,-0.3,,-0.4,-0.0,+0.3,,2,D +5.8,D +0.4,R +1.3
121,Dartmouth College,2,no,yes,no,no,,-0.4,+0.3,B,,,100%,50%,9.0,8.1,+0.9,,-0.4,-0.0,+0.3,,0,,,
122,Old Dominion University,1,no,yes,no,no,,-1.0,+0.3,B,D +0.1,,100%,0%,4.5,5.3,-0.8,,-1.0,-0.0,+0.3,,1,D +4.5,D +0.1,R +0.8
123,Schoen Consulting,1,no,yes,no,no,,-0.7,+0.3,B-,R +0.1,,100%,0%,2.3,5.3,-3.0,,-0.7,-0.0,+0.3,,1,R +2.3,R +0.1,R +1.8
124,Dittman Research,9,no,yes,no,no,,+0.2,+0.3,B-,D +1.0,,100%,22%,5.9,5.4,+0.5,,+0.2,+0.1,+0.3,,6,D +6.1,D +1.0,D +0.7
125,Baruch College,2,no,yes,no,no,,-0.1,+0.3,B-,,,100%,0%,5.7,8.4,-2.7,,-0.1,-0.0,+0.3,,0,,,
126,Gallup,80,yes,yes,no,no,,+0.6,+0.3,B-,R +0.8,,71%,29%,4.3,4.7,-0.5,,+0.6,+0.5,+0.3,,65,R +1.2,R +0.8,R +1.7
127,Greenberg Quinlan Rosner (Democracy Corps),48,no,yes,no,no,,+0.2,+0.3,B-,D +2.4,,49%,19%,4.4,5.0,-0.6,,+0.2,+0.1,+0.3,,47,D +3.9,D +2.4,D +3.6
128,"Yankelovich Partners, Inc.",6,yes,no,no,no,,+0.3,+0.3,B-,R +0.1,,42%,50%,7.0,6.7,+0.3,,+0.3,+0.0,+0.3,,3,R +1.2,R +0.1,R +1.3
129,Belden Russonello,2,no,yes,no,no,,+0.2,+0.3,B-,D +0.2,,100%,50%,4.7,5.0,-0.2,,+0.2,+0.0,+0.3,,2,D +3.3,D +0.2,D +5.7
130,Probolsky Research,1,no,yes,no,no,,+0.3,+0.3,B-,R +0.2,,0%,0%,4.9,5.8,-0.9,,+0.3,+0.0,+0.3,,1,R +4.9,R +0.2,R +3.0
131,"Susquehanna Polling & Research, Inc.",29,no,yes,no,no,,+0.3,+0.3,B-,D +0.1,,79%,28%,5.3,5.3,-0.1,,+0.3,+0.2,+0.3,,24,D +0.1,D +0.1,D +0.2
132,NPR,3,no,yes,no,no,,+0.5,+0.3,B-,D +0.1,,17%,33%,5.0,5.0,-0.0,,+0.5,+0.0,+0.3,,3,D +1.0,D +0.1,D +1.0
133,University of Nevada Las Vegas,1,no,yes,no,no,,+0.9,+0.3,B-,,,100%,0%,9.0,8.2,+0.8,,+0.9,+0.0,+0.3,,0,,,
134,CallFire,4,no,yes,no,no,,+0.6,+0.3,B-,R +0.5,,75%,0%,3.9,3.8,+0.2,,+0.6,+0.1,+0.3,,4,R +3.9,R +0.5,R +0.4
135,DFM Research,5,no,yes,no,no,,+0.5,+0.3,B-,D +0.9,,80%,40%,6.3,6.0,+0.3,,+0.5,+0.1,+0.3,,5,D +6.3,D +0.9,D +5.2
136,Victoria Research & Consulting,1,no,yes,no,no,,+1.0,+0.3,B-,D +0.3,,50%,0%,8.1,6.3,+1.8,,+1.0,+0.0,+0.3,,1,D +8.1,D +0.3,
137,Christopher Newport University,3,no,yes,no,no,,+0.7,+0.3,B-,D +0.6,,100%,33%,6.8,5.3,+1.5,,+0.7,+0.1,+0.3,,3,D +6.8,D +0.6,D +0.4
138,"Ethridge & Associates, LLC",6,no,no,no,no,,-2.4,+0.3,B-,R +0.1,,83%,0%,2.7,4.9,-2.2,,-2.4,-0.4,+0.3,,6,R +0.7,R +0.1,R +3.4
139,Clarus Research Group,3,no,yes,no,no,,+0.8,+0.4,B-,D +0.5,,100%,33%,6.8,5.4,+1.4,,+0.8,+0.1,+0.4,,2,D +8.1,D +0.5,D +2.2
140,Virginia Commonwealth University,5,no,yes,no,no,,+0.8,+0.4,B-,R +0.3,,100%,20%,4.9,4.9,+0.0,,+0.8,+0.1,+0.4,,5,R +1.9,R +0.3,R +1.7
141,Benenson Strategy Group,9,no,yes,no,no,,+0.6,+0.4,B-,D +0.7,,50%,11%,6.2,6.0,+0.2,,+0.6,+0.1,+0.4,,9,D +2.8,D +0.7,D +7.6
142,Southern Media & Opinion Research,4,no,yes,no,no,,+0.9,+0.4,B-,D +0.0,,100%,25%,6.4,5.5,+1.0,,+0.9,+0.1,+0.4,,2,D +0.1,D +0.0,D +1.9
143,Middle Tennessee State University,4,no,yes,no,no,,+0.9,+0.4,B-,D +0.1,,100%,25%,8.0,6.3,+1.7,,+0.9,+0.1,+0.4,,3,D +1.3,D +0.1,R +5.0
144,Capital Survey Research Center,11,no,no,no,no,,-1.0,+0.4,B-,D +0.1,,36%,36%,7.8,7.0,+0.7,,-1.0,-0.3,+0.4,,4,D +0.6,D +0.1,D +1.1
145,Val Smith,1,no,yes,no,no,,+2.0,+0.4,B-,R +0.3,,100%,0%,8.5,6.2,+2.3,,+2.0,+0.1,+0.4,,1,R +8.5,R +0.3,R +15.0
146,Hoffman Research Group,1,no,yes,no,no,,+2.2,+0.4,B-,R +0.2,,100%,0%,7.1,4.2,+2.9,,+2.2,+0.1,+0.4,,1,R +7.1,R +0.2,R +0.4
147,Potomac Incorporated,8,no,no,no,no,,-1.4,+0.4,B-,R +0.5,,88%,13%,4.5,6.0,-1.4,,-1.4,-0.3,+0.4,,6,R +3.1,R +0.5,D +1.3
148,Harper Polling,9,no,no,no,no,,-1.1,+0.4,B-,D +0.3,,100%,11%,4.1,6.1,-1.9,,-1.1,-0.3,+0.4,,5,D +1.8,D +0.3,R +0.8
149,Crawford Johnson & Northcott Inc.,5,no,no,no,no,,-3.0,+0.4,B-,D +0.1,,100%,20%,4.6,7.7,-3.0,,-3.0,-0.4,+0.4,,1,D +3.3,D +0.1,
150,"Fairbank, Maslin, Maullin, Metz & Associates",7,no,yes,no,no,,+0.9,+0.4,B-,D +1.0,,79%,29%,5.9,5.7,+0.2,,+0.9,+0.2,+0.4,,7,D +5.5,D +1.0,D +6.9
151,OpinionWorks,6,no,yes,no,no,,+1.0,+0.4,B-,R +0.5,,92%,50%,7.3,5.3,+2.0,,+1.0,+0.2,+0.4,,6,R +3.0,R +0.5,D +3.7
152,Rutgers University,13,yes,yes,no,no,,+2.1,+0.4,B-,D +0.1,,85%,15%,5.7,5.1,+0.6,,+2.1,+0.6,+0.4,,13,D +0.3,D +0.1,D +1.3
153,Feldman Group,1,no,yes,no,no,,+3.7,+0.4,B-,D +0.3,,0%,100%,10.8,5.9,+4.9,,+3.7,+0.1,+0.4,,1,D +10.8,D +0.3,
154,"Schroth, Eldon & Associates",8,no,no,no,no,,-1.1,+0.4,B-,D +0.6,,88%,0%,3.2,5.5,-2.4,,-1.1,-0.2,+0.4,,6,D +3.4,D +0.6,D +1.4
155,Overtime Politics,12,no,yes,no,yes,,+0.8,+0.4,F,,,67%,42%,9.8,8.4,+1.5,,+0.8,+0.2,+0.4,,0,,,
156,"North Star Opinion Research/Ayres, McHenry & Associates",2,no,yes,no,no,,+2.6,+0.5,B-,R +0.4,,50%,0%,7.0,5.4,+1.6,,+2.6,+0.2,+0.5,,2,R +7.0,R +0.4,R +7.0
157,"International Communications Research, Inc.",5,no,no,no,no,,-1.6,+0.5,B-,R +0.1,,20%,20%,3.1,3.9,-0.8,,-1.6,-0.2,+0.5,,5,R +0.5,R +0.1,D +1.1
158,Wilson Research Strategies,10,no,yes,no,no,,+1.0,+0.5,B-,R +0.1,,65%,20%,6.9,5.9,+1.1,,+1.0,+0.2,+0.5,,9,R +0.5,R +0.1,R +2.8
159,University of Texas,4,no,no,yes,no,,-5.0,+0.5,B-,D +0.1,,100%,0%,1.2,5.2,-4.0,,-5.0,-0.6,+0.5,,4,D +1.1,D +0.1,D +2.8
160,Orion Strategies,4,no,no,no,no,,-3.6,+0.5,B-,D +0.1,,100%,0%,3.1,6.2,-3.1,,-3.6,-0.4,+0.5,,3,D +1.3,D +0.1,D +6.3
161,Alabama State University,4,no,no,no,no,,-3.4,+0.5,B-,,,50%,0%,6.4,8.4,-2.0,,-3.4,-0.4,+0.5,,0,,,
162,Northern Arizona University,4,no,no,no,no,,-3.3,+0.5,B-,R +0.4,,100%,25%,3.6,5.7,-2.1,,-3.3,-0.4,+0.5,,4,R +3.3,R +0.4,R +5.1
163,Marshall Marketing & Communications,4,no,no,no,no,,-2.2,+0.5,B-,R +0.2,,100%,0%,2.8,6.0,-3.2,,-2.2,-0.3,+0.5,,3,R +2.2,R +0.2,R +0.5
164,IVR Polls,4,no,no,no,no,,-2.2,+0.5,B-,,,100%,25%,4.0,7.9,-3.8,,-2.2,-0.3,+0.5,,0,,,
165,"Gonzales Research & Marketing Strategies, Inc.",9,no,yes,no,no,,+1.0,+0.5,B-,R +0.4,,78%,22%,6.4,5.9,+0.5,,+1.0,+0.2,+0.5,,8,R +2.1,R +0.4,R +1.4
166,SocialSphere,2,no,yes,no,no,,+2.9,+0.5,B-,R +0.4,,100%,0%,6.1,5.3,+0.8,,+2.9,+0.2,+0.5,,2,R +6.1,R +0.4,R +6.4
167,Howey Politics/DePauw University,7,no,yes,no,no,,+1.2,+0.5,B-,D +0.1,,57%,29%,6.8,5.3,+1.5,,+1.2,+0.2,+0.5,,6,D +0.6,D +0.1,D +1.5
168,OnPoint,4,no,no,no,no,,-1.9,+0.5,B-,D +0.2,,100%,0%,1.7,4.7,-3.0,,-1.9,-0.2,+0.5,,4,D +1.6,D +0.2,D +2.3
169,Scripps Howard,4,no,no,no,no,,-1.9,+0.5,B-,R +0.1,,100%,25%,3.8,4.7,-0.9,,-1.9,-0.2,+0.5,,4,R +0.6,R +0.1,R +2.3
170,Loras College,10,no,yes,no,no,,+1.0,+0.5,B-,D +1.1,,70%,30%,9.7,7.0,+2.7,,+1.0,+0.3,+0.5,,6,D +6.4,D +1.1,R +2.9
171,KRC/Communications Research,22,no,no,no,no,,-0.2,+0.5,B-,D +0.2,,91%,27%,6.9,6.9,+0.0,,-0.2,-0.1,+0.5,,11,D +0.7,D +0.2,D +2.4
172,"Richard Day Research, Inc.",11,no,no,no,no,,-0.6,+0.5,B-,R +0.8,,100%,27%,5.5,5.3,+0.2,,-0.6,-0.2,+0.5,,11,R +2.9,R +0.8,R +1.0
173,"Frank N. Magid Associates, Inc.",4,no,no,no,no,,-1.8,+0.5,B-,D +0.5,,100%,25%,4.6,5.6,-0.9,,-1.8,-0.2,+0.5,,4,D +4.6,D +0.5,R +0.9
174,Franklin Pierce University,21,no,yes,no,no,,+0.8,+0.5,B-,D +1.3,,83%,33%,6.6,6.3,+0.4,,+0.8,+0.3,+0.5,,12,D +4.5,D +1.3,D +5.1
175,Penn Schoen Berland,18,yes,no,yes,no,,+0.9,+0.5,B-,D +2.5,,67%,39%,7.6,6.3,+1.3,,+0.9,+0.3,+0.5,,18,D +6.7,D +2.5,D +0.4
176,US News & World Report,3,no,no,no,no,,-4.7,+0.5,B-,R +0.1,,100%,0%,1.9,4.9,-3.0,,-4.7,-0.4,+0.5,,3,R +0.8,R +0.1,D +1.2
177,Iowa State University,3,no,no,no,no,,-3.5,+0.5,B-,,,67%,33%,6.3,9.0,-2.7,,-3.5,-0.3,+0.5,,0,,,
178,RAND (American Life Panel),3,no,no,yes,no,,-3.4,+0.5,B-,R +0.0,,100%,0%,1.2,2.8,-1.5,,-3.4,-0.3,+0.5,,3,R +0.4,R +0.0,D +3.2
179,MSR Group,3,no,no,no,no,,-2.8,+0.5,B-,D +0.3,,100%,0%,3.5,6.0,-2.5,,-2.8,-0.3,+0.5,,3,D +3.5,D +0.3,D +1.3
180,Personal Marketing Research,3,no,no,no,no,,-2.2,+0.5,B-,,,67%,33%,6.2,8.4,-2.2,,-2.2,-0.2,+0.5,,0,,,
181,Gravis Marketing,55,no,no,no,no,,+0.0,+0.5,B-,R +1.1,,79%,31%,5.8,6.0,-0.2,,+0.0,+0.0,+0.5,,29,R +2.2,R +1.1,R +2.1
182,Lauer Johnson Research,1,no,yes,no,no,,+7.2,+0.5,B-,D +0.4,,0%,100%,13.8,6.1,+7.8,,+7.2,+0.2,+0.5,,1,D +13.8,D +0.4,D +17.0
183,University of Illinois at Chicago,1,yes,no,no,no,,+7.2,+0.5,B-,R +0.5,,100%,100%,14.1,5.7,+8.4,,+7.2,+0.2,+0.5,,1,R +14.1,R +0.5,R +5.1
184,"Political Marketing International, Inc./Red Racing Horses",4,no,no,no,no,,-1.2,+0.6,B-,D +0.1,,63%,25%,4.3,5.8,-1.5,,-1.2,-0.1,+0.6,,4,D +1.1,D +0.1,R +3.1
185,Purple Strategies,4,no,no,yes,no,,-1.2,+0.6,B-,R +0.4,,88%,0%,3.0,3.9,-0.9,,-1.2,-0.1,+0.6,,4,R +3.0,R +0.4,R +0.0
186,Research 2000,279,no,no,no,yes,,+0.2,+0.6,F,D +1.4,,88%,18%,5.5,5.5,+0.1,,+0.2,+0.1,+0.6,,247,D +1.6,D +1.4,D +1.2
187,"Baselice & Associates, Inc.",2,no,yes,no,no,,+4.3,+0.6,C+,D +0.2,,100%,50%,10.0,5.9,+4.1,,+4.3,+0.3,+0.6,,1,D +7.0,D +0.2,
188,Marketing Resource Group (MRG),6,no,yes,no,no,,+1.9,+0.6,C+,R +0.3,,17%,67%,11.0,7.2,+3.9,,+1.9,+0.3,+0.6,,3,R +3.0,R +0.3,R +1.1
189,University of Wisconsin Milwaukee,3,no,no,no,no,,-1.5,+0.6,C+,R +0.5,,100%,33%,5.3,6.2,-0.9,,-1.5,-0.1,+0.6,,3,R +5.3,R +0.5,R +2.1
190,Braun Research,3,no,yes,no,no,,+3.3,+0.6,C+,D +0.8,,100%,67%,9.1,5.4,+3.7,,+3.3,+0.3,+0.6,,3,D +9.1,D +0.8,D +8.7
191,Market Solutions Group,4,no,no,no,no,,-1.0,+0.6,C+,R +0.0,,100%,0%,4.3,6.1,-1.8,,-1.0,-0.1,+0.6,,2,R +0.1,R +0.0,D +1.8
192,CVOTER International,3,no,no,yes,no,,-1.3,+0.6,C+,R +0.3,,100%,0%,2.9,2.9,+0.0,,-1.3,-0.1,+0.6,,3,R +2.9,R +0.3,D +0.7
193,M4 Strategies,2,no,no,yes,no,,-6.2,+0.6,C+,R +0.2,,100%,50%,3.1,3.9,-0.8,,-6.2,-0.4,+0.6,,2,R +3.1,R +0.2,D +4.8
194,Louis Harris & Associates,2,no,no,no,no,,-4.5,+0.6,C+,D +0.1,,100%,0%,0.9,4.8,-3.8,,-4.5,-0.3,+0.6,,2,D +0.9,D +0.1,D +4.6
195,Master Image,2,no,no,no,no,,-4.1,+0.6,C+,,,100%,0%,1.2,7.8,-6.6,,-4.1,-0.3,+0.6,,0,,,
196,Douglas Fulmer & Associates,2,no,no,no,no,,-2.9,+0.6,C+,,,100%,50%,5.1,8.2,-3.1,,-2.9,-0.2,+0.6,,0,,,
197,Forward Strategies,2,no,no,no,no,,-2.7,+0.6,C+,D +0.1,,100%,0%,1.3,4.8,-3.4,,-2.7,-0.2,+0.6,,2,D +1.3,D +0.1,D +3.4
198,Lincoln Institute,2,no,no,no,no,,-2.7,+0.6,C+,R +0.3,,75%,0%,4.1,5.1,-1.0,,-2.7,-0.2,+0.6,,2,R +4.1,R +0.3,D +2.5
199,Crosswind Media & Public Relations,2,no,no,no,no,,-2.0,+0.6,C+,,,100%,0%,6.5,8.1,-1.6,,-2.0,-0.1,+0.6,,0,,,
200,Texas Credit Union League,2,no,no,no,no,,-1.9,+0.6,C+,,,100%,0%,7.0,8.8,-1.8,,-1.9,-0.1,+0.6,,0,,,
201,Wirthlin Worldwide,4,no,no,no,no,,-0.8,+0.6,C+,R +0.5,,75%,25%,4.6,5.8,-1.2,,-0.8,-0.1,+0.6,,4,R +3.9,R +0.5,R +4.9
202,"Talmey-Drake Research & Strategy, Inc.",9,no,yes,no,no,,+1.6,+0.6,C+,R +0.4,,50%,44%,7.7,5.5,+2.2,,+1.6,+0.4,+0.6,,9,R +1.8,R +0.4,D +2.7
203,Dixie Strategies,3,no,no,no,no,,-0.9,+0.6,C+,,,83%,67%,7.9,7.8,+0.1,,-0.9,-0.1,+0.6,,0,,,
204,Manhattanville College,3,no,no,no,no,,-0.9,+0.6,C+,R +0.5,,100%,33%,6.5,6.4,+0.2,,-0.9,-0.1,+0.6,,2,R +8.2,R +0.5,D +0.2
205,Midwest Survey and Research,3,no,no,no,no,,-0.9,+0.6,C+,R +0.1,,100%,33%,7.3,5.9,+1.4,,-0.9,-0.1,+0.6,,3,R +1.0,R +0.1,
206,Florida Atlantic University,2,no,no,no,no,,-1.3,+0.6,C+,,,100%,0%,3.7,7.9,-4.2,,-1.3,-0.1,+0.6,,0,,,
207,Hendrix College,9,no,no,no,no,,-0.0,+0.6,C+,D +1.5,,89%,44%,6.7,6.0,+0.7,,-0.0,-0.0,+0.6,,9,D +6.7,D +1.5,R +0.3
208,StPetePolls.org,2,no,no,no,no,,-1.0,+0.7,C+,D +0.1,,25%,0%,2.0,5.1,-3.1,,-1.0,-0.1,+0.7,,2,D +2.0,D +0.1,D +0.3
209,Canisius College,1,no,no,no,no,,-5.8,+0.7,C+,,,100%,0%,0.1,8.5,-8.4,,-5.8,-0.2,+0.7,,0,,,
210,University of Tennessee,1,no,no,no,no,,-5.6,+0.7,C+,R +0.1,,100%,0%,2.7,4.6,-1.8,,-5.6,-0.2,+0.7,,1,R +2.7,R +0.1,R +5.4
211,Market Strategies International,1,no,no,no,no,,-5.6,+0.7,C+,R +0.0,,100%,0%,1.1,5.6,-4.5,,-5.6,-0.2,+0.7,,1,R +1.1,R +0.0,R +5.7
212,RMS Research,1,no,no,no,no,,-5.4,+0.7,C+,R +0.0,,100%,0%,0.9,6.5,-5.6,,-5.4,-0.2,+0.7,,1,R +0.9,R +0.0,
213,"Dynamic Marketing, Inc.",1,no,no,no,no,,-4.1,+0.7,C+,D +0.1,,100%,0%,3.0,6.3,-3.3,,-4.1,-0.1,+0.7,,1,D +3.0,D +0.1,R +7.5
214,Cranford & Associates,1,no,no,yes,no,,-3.9,+0.7,C+,D +0.1,,100%,0%,2.5,5.4,-2.9,,-3.9,-0.1,+0.7,,1,D +2.5,D +0.1,D +9.5
215,Wood Communications Group,1,no,no,no,no,,-3.8,+0.7,C+,D +0.0,,100%,0%,0.8,5.6,-4.7,,-3.8,-0.1,+0.7,,1,D +0.8,D +0.0,D +3.0
216,"Lauer Lalley Victoria, Inc.",1,no,no,no,no,,-3.6,+0.7,C+,R +0.1,,100%,0%,1.7,6.5,-4.7,,-3.6,-0.1,+0.7,,1,R +1.7,R +0.1,D +4.0
217,BIGresearch,1,no,no,yes,no,,-3.6,+0.7,C+,,,100%,0%,2.0,4.2,-2.2,,-3.6,-0.1,+0.7,,0,,,
218,Cooper & Secrest,1,no,no,no,no,,-3.5,+0.7,C+,R +0.1,,0%,0%,2.6,6.3,-3.7,,-3.5,-0.1,+0.7,,1,R +2.6,R +0.1,
219,"Central Surveys, Inc.",1,no,no,no,no,,-3.3,+0.7,C+,D +0.1,,0%,0%,1.7,4.7,-3.0,,-3.3,-0.1,+0.7,,1,D +1.7,D +0.1,D +2.3
220,University of North Carolina,1,no,no,no,no,,-3.0,+0.7,C+,D +0.1,,100%,0%,1.6,5.2,-3.6,,-3.0,-0.1,+0.7,,1,D +1.6,D +0.1,R +1.3
221,Multi-Quest International,1,no,no,no,no,,-3.0,+0.7,C+,,,0%,0%,4.1,5.7,-1.6,,-3.0,-0.1,+0.7,,0,,,
222,MBQF,1,no,no,no,no,,-2.9,+0.7,C+,,,100%,0%,4.3,8.1,-3.8,,-2.9,-0.1,+0.7,,0,,,
223,Multi Quest International Inc,1,no,no,no,no,,-2.8,+0.7,C+,D +0.1,,100%,0%,1.9,4.6,-2.7,,-2.8,-0.1,+0.7,,1,D +1.9,D +0.1,D +0.7
224,Aspen Media & Market Research,1,no,no,no,no,,-2.7,+0.7,C+,R +0.1,,100%,0%,3.5,6.0,-2.5,,-2.7,-0.1,+0.7,,1,R +3.5,R +0.1,
225,New Mexico State University,1,no,no,no,no,,-2.5,+0.7,C+,,,0%,0%,6.8,9.2,-2.4,,-2.5,-0.1,+0.7,,0,,,
226,Red Sea Communications,1,no,no,no,no,,-2.4,+0.7,C+,R +0.1,,100%,0%,4.4,6.6,-2.2,,-2.4,-0.1,+0.7,,1,R +4.4,R +0.1,
227,Winston Group,1,no,no,no,no,,-2.4,+0.7,C+,D +0.2,,100%,0%,6.3,6.5,-0.1,,-2.4,-0.1,+0.7,,1,D +6.3,D +0.2,R +8.0
228,Diamond State Consulting Group,1,no,no,no,no,,-2.2,+0.7,C+,D +0.1,,100%,0%,4.2,5.6,-1.4,,-2.2,-0.1,+0.7,,1,D +4.2,D +0.1,R +5.5
229,Neighborhood Research Corporation,1,no,no,no,no,,-2.1,+0.7,C+,R +0.1,,100%,0%,3.4,5.7,-2.3,,-2.1,-0.1,+0.7,,1,R +3.4,R +0.1,R +7.2
230,Diversified Research Inc,1,no,no,no,no,,-2.0,+0.7,C+,R +0.2,,100%,0%,5.0,6.9,-1.9,,-2.0,-0.1,+0.7,,1,R +5.0,R +0.2,
231,Jim Meader (KELOLAND-TV),4,no,no,no,no,,-0.3,+0.7,C+,D +0.5,,100%,0%,4.6,5.4,-0.8,,-0.3,-0.0,+0.7,,4,D +4.6,D +0.5,D +4.4
232,Rivercity Polling,1,no,no,no,no,,-1.7,+0.7,C+,R +0.2,,100%,0%,6.7,7.0,-0.3,,-1.7,-0.1,+0.7,,1,R +6.7,R +0.2,R +11.5
233,War Room Logistics,1,no,no,no,no,,-1.6,+0.7,C+,,,100%,0%,4.5,7.4,-2.9,,-1.6,-0.1,+0.7,,0,,,
234,Constituent Dynamics,7,no,no,no,no,,+0.0,+0.7,C+,R +0.0,,86%,57%,7.4,7.4,+0.0,,+0.0,+0.0,+0.7,,1,R +1.3,R +0.0,D +2.3
235,Forman Center,1,no,no,no,no,,-1.2,+0.7,C+,D +0.1,,100%,0%,2.6,5.4,-2.8,,-1.2,-0.0,+0.7,,1,D +2.6,D +0.1,D +4.3
236,Triumph Campaigns,1,no,no,no,no,,-1.2,+0.7,C+,R +0.1,,100%,0%,4.2,4.8,-0.6,,-1.2,-0.0,+0.7,,1,R +4.2,R +0.1,R +5.0
237,OnMessage Inc.,6,no,yes,no,no,,+2.7,+0.7,C+,R +1.1,,67%,33%,9.1,6.1,+3.1,,+2.7,+0.4,+0.7,,6,R +6.6,R +1.1,R +3.6
238,Iona College,1,no,no,no,no,,-1.1,+0.7,C+,D +0.1,,100%,0%,4.4,5.8,-1.3,,-1.1,-0.0,+0.7,,1,D +4.4,D +0.1,R +1.7
239,Analytical Group,1,no,no,no,no,,-1.1,+0.7,C+,D +0.1,,100%,0%,4.0,5.2,-1.2,,-1.1,-0.0,+0.7,,1,D +4.0,D +0.1,D +3.0
240,Arizona State University,8,no,yes,no,no,,+2.2,+0.7,C+,D +0.9,,100%,50%,8.0,5.8,+2.2,,+2.2,+0.5,+0.7,,6,D +5.5,D +0.9,D +6.5
241,McCulloch Research & Polling,3,no,no,no,no,,-0.1,+0.7,C+,R +0.3,,67%,33%,4.9,4.2,+0.8,,-0.1,-0.0,+0.7,,3,R +2.9,R +0.3,R +2.4
242,Rhode Island College,5,no,no,no,no,,+0.0,+0.7,C+,R +0.2,,100%,20%,6.1,6.0,+0.1,,+0.0,+0.0,+0.7,,4,R +1.5,R +0.2,R +0.8
243,NRECA Market Research,1,no,no,no,no,,-1.0,+0.7,C+,D +0.2,,100%,0%,6.3,5.7,+0.6,,-1.0,-0.0,+0.7,,1,D +6.3,D +0.2,
244,Wick Communications,1,no,no,no,no,,-0.8,+0.7,C+,D +0.1,,100%,0%,2.8,6.1,-3.3,,-0.8,-0.0,+0.7,,1,D +2.8,D +0.1,D +4.0
245,West Chester University,7,no,no,no,no,,+0.2,+0.7,C+,D +0.2,,100%,14%,5.2,5.1,+0.1,,+0.2,+0.0,+0.7,,7,D +1.0,D +0.2,D +2.3
246,Ohio State University,1,no,no,no,no,,-0.7,+0.7,C+,R +0.1,,100%,0%,3.7,4.6,-1.0,,-0.7,-0.0,+0.7,,1,R +3.7,R +0.1,R +7.3
247,Gordon S. Black Corp.,2,no,no,no,no,,-0.1,+0.7,C+,R +0.4,,100%,50%,6.3,5.1,+1.2,,-0.1,-0.0,+0.7,,2,R +6.3,R +0.4,R +1.7
248,Market Trends Pacific,1,no,no,no,no,,-0.5,+0.7,C+,D +0.1,,50%,0%,4.6,5.5,-0.9,,-0.5,-0.0,+0.7,,1,D +4.6,D +0.1,D +2.5
249,Y2 Analytics,1,no,yes,no,no,,+12.6,+0.7,C+,,,100%,100%,28.4,8.0,+20.4,,+12.6,+0.4,+0.7,,0,,,
250,Western Kentucky University,3,no,yes,no,no,,+4.8,+0.7,C+,D +0.8,,67%,100%,13.7,6.3,+7.4,,+4.8,+0.4,+0.7,,2,D +12.7,D +0.8,D +2.6
251,ASA Marketing Group,1,no,no,no,no,,-0.4,+0.7,C+,D +0.2,,100%,0%,5.5,5.2,+0.3,,-0.4,-0.0,+0.7,,1,D +5.5,D +0.2,
252,RABA Research,1,no,no,no,no,,-0.4,+0.7,C+,,,100%,0%,3.8,7.9,-4.1,,-0.4,-0.0,+0.7,,0,,,
253,Rice University,2,no,no,no,no,,+0.1,+0.7,C+,D +0.4,,100%,0%,5.9,5.1,+0.8,,+0.1,+0.0,+0.7,,2,D +5.9,D +0.4,D +0.6
254,St. Cloud State University,9,no,yes,no,no,,+2.2,+0.7,C+,D +0.4,,67%,44%,6.5,5.4,+1.1,,+2.2,+0.5,+0.7,,9,D +1.9,D +0.4,D +1.2
255,"Wiese Research Associates, Inc.",7,no,yes,no,no,,+2.6,+0.7,C+,D +1.3,,100%,57%,8.8,6.0,+2.9,,+2.6,+0.5,+0.7,,7,D +6.9,D +1.3,D +4.4
256,University of Iowa,3,no,yes,no,no,,+5.0,+0.7,C+,R +0.2,,67%,33%,15.9,7.2,+8.7,,+5.0,+0.5,+0.7,,1,R +6.6,R +0.2,R +2.8
257,Saint Leo University,1,no,no,no,no,,+0.2,+0.7,C+,D +0.1,,0%,0%,4.1,5.8,-1.7,,+0.2,+0.0,+0.7,,1,D +4.1,D +0.1,D +2.3
258,Hellenthal & Associates,5,no,yes,no,no,,+3.4,+0.7,C+,D +0.4,,40%,40%,8.2,6.1,+2.0,,+3.4,+0.5,+0.7,,3,D +4.4,D +0.4,D +2.5
259,Hays Research Group,7,no,yes,no,no,,+2.6,+0.7,C+,D +1.1,,71%,29%,7.7,5.2,+2.5,,+2.6,+0.5,+0.7,,3,D +11.9,D +1.1,D +2.7
260,American Research Group,260,no,yes,no,no,,+0.6,+0.7,C+,R +0.1,,75%,34%,7.6,6.9,+0.7,,+0.6,+0.6,+0.7,,76,R +0.2,R +0.1,R +1.7
261,Cromer Group,1,no,no,no,no,,+0.4,+0.7,C+,R +0.1,,100%,0%,3.9,5.5,-1.6,,+0.4,+0.0,+0.7,,1,R +3.9,R +0.1,R +3.8
262,Liberty Opinion Research,1,no,no,no,no,,+0.5,+0.7,C+,,,100%,100%,5.7,7.6,-1.8,,+0.5,+0.0,+0.7,,0,,,
263,Strategic Services,1,no,no,no,no,,+0.5,+0.7,C+,D +0.2,,0%,0%,5.5,5.9,-0.4,,+0.5,+0.0,+0.7,,1,D +5.5,D +0.2,D +2.0
264,Rasmussen Reports/Pulse Opinion Research,657,no,no,no,no,,+0.4,+0.7,C+,R +2.0,,79%,25%,5.3,5.3,-0.0,,+0.4,+0.4,+0.7,,516,R +2.1,R +2.0,R +1.4
265,Rossman Group,1,no,no,no,no,,+0.6,+0.7,C+,D +0.1,,100%,0%,4.2,5.9,-1.7,,+0.6,+0.0,+0.7,,1,D +4.2,D +0.1,D +4.7
266,MarblePort,2,no,no,no,no,,+0.5,+0.8,C+,R +0.2,,100%,0%,5.6,4.4,+1.2,,+0.5,+0.0,+0.8,,1,R +6.2,R +0.2,R +7.2
267,University of South Florida,1,no,no,no,no,,+0.8,+0.8,C+,R +0.1,,100%,0%,3.9,4.9,-1.1,,+0.8,+0.0,+0.8,,1,R +3.9,R +0.1,R +5.1
268,Basswood Research,2,no,no,no,no,,+0.6,+0.8,C+,R +0.4,,100%,50%,10.7,7.7,+3.0,,+0.6,+0.0,+0.8,,1,R +13.1,R +0.4,
269,Zimmerman & Associates/Marketing Intelligence,3,no,no,no,no,,+0.6,+0.8,C+,D +0.3,,100%,0%,4.7,5.4,-0.7,,+0.6,+0.1,+0.8,,3,D +3.2,D +0.3,D +0.6
270,ResearchNow,2,no,no,no,no,,+0.8,+0.8,C+,,,100%,50%,9.4,8.3,+1.1,,+0.8,+0.0,+0.8,,0,,,
271,R.L. Repass & Partners,1,no,no,no,no,,+1.2,+0.8,C+,,,100%,100%,11.2,8.8,+2.4,,+1.2,+0.0,+0.8,,0,,,
272,Harvard University,1,no,no,no,no,,+1.2,+0.8,C+,D +0.2,,0%,0%,6.9,5.7,+1.2,,+1.2,+0.0,+0.8,,1,D +6.9,D +0.2,D +1.5
273,Dan Jones & Associates,34,no,no,no,no,,+0.4,+0.8,C+,D +0.9,,97%,18%,7.9,6.0,+1.9,,+0.4,+0.2,+0.8,,30,D +1.8,D +0.9,R +0.2
274,West Virginia Research Center,2,no,no,no,no,,+0.9,+0.8,C+,D +0.4,,50%,0%,6.5,5.3,+1.2,,+0.9,+0.1,+0.8,,2,D +6.5,D +0.4,D +2.8
275,Global Strategy Group,21,no,yes,no,no,,+1.5,+0.8,C+,D +1.9,,67%,24%,7.1,5.8,+1.3,,+1.5,+0.6,+0.8,,21,D +4.7,D +1.9,D +4.3
276,Becker Institute,3,no,no,no,no,,+0.8,+0.8,C+,D +0.7,,67%,67%,7.6,6.0,+1.6,,+0.8,+0.1,+0.8,,3,D +7.6,D +0.7,D +0.8
277,Hamilton Campaigns,8,no,yes,no,no,,+2.6,+0.8,C+,D +1.5,,56%,38%,7.0,5.6,+1.4,,+2.6,+0.6,+0.8,,8,D +7.0,D +1.5,D +6.5
278,TeleResearch Corporation,1,no,no,no,no,,+2.2,+0.8,C+,,,100%,100%,8.6,7.8,+0.8,,+2.2,+0.1,+0.8,,0,,,
279,Roanoke College,12,yes,yes,no,no,,+3.6,+0.8,C+,D +0.3,,75%,58%,9.0,5.9,+3.1,,+3.6,+1.0,+0.8,,9,D +1.3,D +0.3,D +0.7
280,"Normington, Petts & Associates",10,no,no,no,no,,+0.6,+0.8,C+,D +0.7,,60%,40%,6.4,6.2,+0.3,,+0.6,+0.2,+0.8,,10,D +2.7,D +0.7,D +4.4
281,Research America Inc.,2,no,yes,no,no,,+8.2,+0.8,C+,,,100%,50%,20.7,8.1,+12.6,,+8.2,+0.5,+0.8,,0,,,
282,Opinion Consultants,2,no,no,no,no,,+1.4,+0.8,C+,R +0.4,,100%,50%,6.5,5.1,+1.4,,+1.4,+0.1,+0.8,,2,R +6.5,R +0.4,R +5.4
283,Kimball Political Consulting,4,no,yes,no,no,,+4.7,+0.8,C+,R +1.0,,75%,75%,8.1,4.4,+3.7,,+4.7,+0.5,+0.8,,4,R +8.1,R +1.0,R +4.5
284,CrossTarget,2,no,no,no,no,,+1.6,+0.8,C+,R +0.5,,100%,50%,7.7,4.7,+3.0,,+1.6,+0.1,+0.8,,2,R +7.7,R +0.5,R +13.3
285,Great Lakes Strategies Group,1,no,no,no,no,,+2.8,+0.8,C+,R +0.2,,0%,100%,7.6,5.2,+2.4,,+2.8,+0.1,+0.8,,1,R +7.6,R +0.2,R +10.0
286,"Public Strategies, Inc.",6,no,no,no,no,,+0.8,+0.8,C+,,,100%,33%,7.9,8.1,-0.2,,+0.8,+0.1,+0.8,,0,,,
287,Columbus Dispatch,18,no,no,no,no,,+0.6,+0.8,C+,D +1.1,,97%,44%,4.9,4.6,+0.4,,+0.6,+0.2,+0.8,,15,D +3.4,D +1.1,D +4.1
288,Independent Market Research,2,no,no,no,no,,+1.7,+0.8,C+,D +0.3,,100%,50%,5.7,5.2,+0.5,,+1.7,+0.1,+0.8,,2,D +5.3,D +0.3,D +4.9
289,University of Georgia,1,no,no,no,no,,+3.0,+0.8,C+,R +0.3,,100%,100%,9.8,5.9,+3.9,,+3.0,+0.1,+0.8,,1,R +9.8,R +0.3,R +0.8
290,Lycoming College,3,no,no,no,no,,+1.3,+0.8,C+,D +0.7,,67%,33%,7.3,6.2,+1.1,,+1.3,+0.1,+0.8,,3,D +7.3,D +0.7,D +6.3
291,Star Tribune,13,no,yes,no,no,,+2.1,+0.8,C+,D +1.5,,46%,38%,6.3,4.4,+2.0,,+2.1,+0.6,+0.8,,11,D +5.5,D +1.5,D +3.9
292,Illinois Wesleyan University,3,no,no,no,no,,+1.4,+0.8,C+,R +0.7,,100%,33%,8.2,5.8,+2.4,,+1.4,+0.1,+0.8,,3,R +8.2,R +0.7,R +6.2
293,Ron Lester and Associates,1,no,no,no,no,,+3.3,+0.8,C+,,,100%,100%,18.9,7.9,+11.0,,+3.3,+0.1,+0.8,,0,,,
294,JMC Enterprises,5,no,no,no,no,,+1.0,+0.8,C,R +0.9,,100%,40%,7.8,5.4,+2.5,,+1.0,+0.1,+0.8,,4,R +7.6,R +0.9,R +1.6
295,TMR Research,2,no,no,no,no,,+2.0,+0.8,C,D +0.5,,0%,50%,7.8,5.6,+2.3,,+2.0,+0.1,+0.8,,2,D +7.8,D +0.5,D +6.7
296,Ed Renwick,5,no,no,no,no,,+1.1,+0.8,C,D +0.1,,80%,20%,6.5,5.3,+1.2,,+1.1,+0.2,+0.8,,2,D +1.3,D +0.1,D +6.4
297,A&A Research,1,no,no,no,no,,+3.7,+0.8,C,R +0.3,,0%,100%,10.1,5.9,+4.2,,+3.7,+0.1,+0.8,,1,R +10.1,R +0.3,
298,Southern Opinion Research,1,no,no,no,no,,+3.7,+0.8,C,D +0.3,,100%,100%,9.4,5.5,+3.9,,+3.7,+0.1,+0.8,,1,D +9.4,D +0.3,D +14.0
299,Decision Forecasting,3,no,no,no,no,,+1.6,+0.9,C,R +0.1,,100%,67%,8.1,4.6,+3.5,,+1.6,+0.1,+0.9,,3,R +1.4,R +0.1,D +0.5
300,"California State University, Bakersfield",1,no,no,no,no,,+3.9,+0.9,C,R +0.3,,0%,100%,9.8,6.2,+3.6,,+3.9,+0.1,+0.9,,1,R +9.9,R +0.3,R +14.0
301,New Frontier Strategy,1,no,no,no,no,,+3.9,+0.9,C,,,0%,100%,21.6,7.9,+13.7,,+3.9,+0.1,+0.9,,0,,,
302,Magellan Strategies,13,no,no,no,no,,+0.8,+0.9,C,R +0.6,,92%,46%,7.7,6.1,+1.6,,+0.8,+0.2,+0.9,,7,R +3.1,R +0.6,R +6.3
303,Cherry Communications,2,no,no,no,no,,+2.5,+0.9,C,R +0.1,,75%,50%,9.2,6.7,+2.6,,+2.5,+0.2,+0.9,,1,R +3.9,R +0.1,R +6.3
304,Marketing Research Institute,1,no,no,no,no,,+4.6,+0.9,C,R +0.2,,0%,100%,7.4,5.3,+2.1,,+4.6,+0.1,+0.9,,1,R +7.4,R +0.2,R +7.3
305,Polling Company/Global Strategy Group (Hotline Bullseye),3,no,no,no,no,,+2.0,+0.9,C,R +0.4,,33%,33%,4.6,3.5,+1.0,,+2.0,+0.2,+0.9,,3,R +4.6,R +0.4,R +3.1
306,Glascock Group,1,no,no,no,no,,+4.8,+0.9,C,,,0%,100%,12.1,5.7,+6.4,,+4.8,+0.2,+0.9,,0,,,
307,Target Insyght,1,no,no,no,no,,+4.9,+0.9,C,,,100%,100%,15.4,8.6,+6.8,,+4.9,+0.2,+0.9,,0,,,
308,Glover Park Group,1,no,no,no,no,,+4.9,+0.9,C,R +0.4,,0%,100%,11.4,6.7,+4.7,,+4.9,+0.2,+0.9,,1,R +11.4,R +0.4,R +11.5
309,Inside Michigan Politics,1,no,no,no,no,,+5.0,+0.9,C,,,0%,100%,13.2,8.1,+5.1,,+5.0,+0.2,+0.9,,0,,,
310,Zata3,2,no,no,no,no,,+2.8,+0.9,C,R +0.2,,100%,50%,10.2,6.0,+4.1,,+2.8,+0.2,+0.9,,2,R +4.0,R +0.2,D +0.0
311,Tulsa Surveys,1,no,no,no,no,,+5.2,+0.9,C,R +0.4,,100%,100%,11.9,5.4,+6.5,,+5.2,+0.2,+0.9,,1,R +11.9,R +0.4,
312,Momentum Analysis,3,no,yes,no,no,,+6.8,+0.9,C,D +0.5,,33%,100%,13.7,6.2,+7.5,,+6.8,+0.6,+0.9,,3,D +5.7,D +0.5,D +2.8
313,Ivan Moore Research,5,no,yes,no,no,,+4.5,+0.9,C,D +1.3,,40%,80%,9.4,5.6,+3.9,,+4.5,+0.6,+0.9,,5,D +9.4,D +1.3,D +5.4
314,Arthur J. Finkelstein & Associates,1,no,no,no,no,,+5.5,+0.9,C,R +0.4,,0%,100%,13.7,6.9,+6.8,,+5.5,+0.2,+0.9,,1,R +13.7,R +0.4,
315,GaPundit.com,2,no,no,no,no,,+3.0,+0.9,C,D +0.5,,25%,100%,8.3,5.2,+3.0,,+3.0,+0.2,+0.9,,2,D +8.3,D +0.5,D +3.0
316,"SMS Research & Marketing Services, Inc.",1,no,no,no,no,,+5.7,+0.9,C,R +0.3,,0%,100%,9.8,4.3,+5.5,,+5.7,+0.2,+0.9,,1,R +9.8,R +0.3,R +0.3
317,GCR & Associates,1,no,no,no,no,,+6.1,+0.9,C,,,100%,100%,18.3,8.4,+9.9,,+6.1,+0.2,+0.9,,0,,,
318,Minnesota State University Moorhead,4,no,no,no,no,,+2.0,+0.9,C,D +0.5,,100%,50%,9.3,5.7,+3.5,,+2.0,+0.2,+0.9,,3,D +5.9,D +0.5,
319,PSI,3,no,no,no,no,,+2.5,+0.9,C,R +0.1,,67%,67%,12.5,7.3,+5.1,,+2.5,+0.2,+0.9,,1,R +3.3,R +0.1,R +4.0
320,"MarketAide Services, Inc.",1,no,no,no,no,,+6.9,+1.0,C,D +0.4,,100%,100%,11.2,6.0,+5.2,,+6.9,+0.2,+1.0,,1,D +11.2,D +0.4,D +9.5
321,ccAdvertising,30,no,yes,no,no,,+1.6,+1.0,C,R +2.6,,88%,63%,7.1,5.2,+1.9,,+1.6,+0.8,+1.0,,28,R +5.3,R +2.6,R +3.4
322,Bannon Communications,2,no,no,no,no,,+4.0,+1.0,C,D +0.6,,100%,50%,10.4,6.3,+4.1,,+4.0,+0.3,+1.0,,2,D +10.4,D +0.6,D +8.3
323,Anzalone Liszt Grove Research,11,no,yes,no,no,,+2.8,+1.0,C,D +1.4,,55%,36%,7.6,6.1,+1.6,,+2.8,+0.8,+1.0,,11,D +5.1,D +1.4,D +7.7
324,Anderson Group,1,no,no,no,no,,+7.8,+1.0,C,R +0.4,,0%,100%,10.9,4.4,+6.6,,+7.8,+0.3,+1.0,,1,R +10.9,R +0.4,R +5.0
325,Big Ten,10,no,no,no,no,,+1.4,+1.0,C,D +1.1,,100%,20%,4.8,4.4,+0.4,,+1.4,+0.3,+1.0,,10,D +4.5,D +1.1,D +5.5
326,University of New Orleans,9,no,no,no,no,,+1.5,+1.0,C,D +0.3,,78%,22%,6.7,5.5,+1.2,,+1.5,+0.3,+1.0,,6,D +1.7,D +0.3,D +4.4
327,Abacus Associates,2,no,no,no,no,,+4.9,+1.0,C,R +0.0,,50%,100%,12.1,6.3,+5.8,,+4.9,+0.3,+1.0,,2,R +0.5,R +0.0,D +6.5
328,Maine People's Resource Center,7,no,no,no,no,,+1.9,+1.0,C,D +0.3,,86%,29%,7.5,5.2,+2.4,,+1.9,+0.4,+1.0,,6,D +1.5,D +0.3,R +1.0
329,Datamar,8,no,no,no,no,,+1.7,+1.0,C,R +0.4,,69%,38%,6.3,5.5,+0.8,,+1.7,+0.4,+1.0,,5,R +2.9,R +0.4,R +3.3
330,Schapiro Group,2,no,no,no,no,,+5.0,+1.0,C,,,100%,50%,20.0,8.3,+11.7,,+5.0,+0.3,+1.0,,0,,,
331,Critical Insights,17,no,yes,no,no,,+2.4,+1.0,C,D +0.3,,88%,35%,8.6,6.0,+2.6,,+2.4,+0.9,+1.0,,15,D +0.9,D +0.3,R +1.8
332,Greg Smith and Associates,5,no,no,no,no,,+2.6,+1.1,C,D +1.2,,60%,40%,8.5,5.7,+2.8,,+2.6,+0.4,+1.1,,5,D +8.5,D +1.2,D +3.7
333,TargetPoint,3,no,no,no,no,,+3.9,+1.1,C,,,83%,67%,14.0,8.0,+6.0,,+3.9,+0.4,+1.1,,0,,,
334,Jeffrey Stonecash,1,no,no,no,no,,+10.7,+1.1,C,R +0.6,,0%,100%,17.3,5.4,+12.0,,+10.7,+0.3,+1.1,,1,R +17.3,R +0.6,R +16.5
335,Trafalgar Group,12,no,no,no,no,,+1.6,+1.1,C,,,92%,75%,9.1,7.4,+1.7,,+1.6,+0.5,+1.1,,0,,,
336,We Ask America,52,no,no,no,no,,+0.9,+1.1,C,R +0.9,,83%,44%,7.0,5.7,+1.3,,+0.9,+0.6,+1.1,,33,R +1.8,R +0.9,R +2.4
337,Merriman River Group,21,no,yes,no,no,,+2.3,+1.1,C-,R +2.4,,81%,48%,7.7,5.3,+2.4,,+2.3,+0.9,+1.1,,19,R +6.1,R +2.4,R +2.8
338,Opinion Savvy/InsiderAdvantage,105,no,no,no,no,,+0.9,+1.1,C-,D +0.7,,71%,38%,7.8,7.0,+0.8,,+0.9,+0.7,+1.1,,29,D +1.5,D +0.7,D +0.0
339,Rainmaker Media Group,1,no,no,no,no,,+12.5,+1.1,C-,D +0.4,,100%,100%,12.7,4.7,+8.0,,+12.5,+0.4,+1.1,,1,D +12.7,D +0.4,D +8.6
340,Consumer Logic,4,no,no,no,no,,+3.8,+1.1,C-,D +0.6,,50%,50%,8.8,5.5,+3.3,,+3.8,+0.4,+1.1,,4,D +5.4,D +0.6,D +2.3
341,University of Alabama,2,no,no,no,no,,+7.0,+1.2,C-,R +0.8,,100%,50%,12.0,5.0,+7.1,,+7.0,+0.4,+1.2,,2,R +12.0,R +0.8,R +7.0
342,McLaughlin & Associates,19,no,no,yes,no,,+1.5,+1.2,C-,R +0.5,,84%,21%,5.7,5.3,+0.4,,+1.5,+0.6,+1.2,,19,R +1.2,R +0.5,R +4.0
343,Neighbor,1,no,no,no,no,,+13.7,+1.2,C-,R +0.6,,100%,100%,17.1,5.7,+11.4,,+13.7,+0.4,+1.2,,1,R +17.1,R +0.6,R +14.0
344,Zogby Interactive/JZ Analytics,465,no,no,yes,no,,+0.8,+1.2,C-,R +0.8,,78%,28%,5.6,5.3,+0.4,,+0.8,+0.8,+1.2,,364,R +0.9,R +0.8,D +0.1
345,Southeastern Louisiana University,8,no,no,no,no,,+2.4,+1.2,C-,D +0.0,,88%,38%,6.6,5.1,+1.6,,+2.4,+0.5,+1.2,,5,D +0.3,D +0.0,R +1.3
346,Harris Interactive,135,yes,no,yes,no,,+1.2,+1.2,C-,R +1.5,,86%,53%,5.5,3.5,+2.0,,+1.2,+1.0,+1.2,,135,R +1.9,R +1.5,D +1.0
347,Ohio University,2,no,no,no,no,,+7.7,+1.2,C-,D +0.5,,50%,50%,8.8,4.8,+4.0,,+7.7,+0.5,+1.2,,2,D +8.8,D +0.5,D +8.1
348,20/20 Insight,5,no,no,no,no,,+3.6,+1.2,C-,D +0.0,,40%,60%,16.6,7.1,+9.6,,+3.6,+0.5,+1.2,,2,D +0.2,D +0.0,D +2.0
349,Indiana University-Purdue University Fort Wayne,3,no,yes,no,no,,+10.3,+1.2,C-,,,0%,100%,23.5,8.5,+15.0,,+10.3,+0.9,+1.2,,0,,,
350,Opinion Research Associates,12,no,yes,no,no,,+3.7,+1.3,C-,D +1.7,,71%,33%,7.9,5.5,+2.5,,+3.7,+1.1,+1.3,,12,D +6.1,D +1.7,D +5.9
351,Optimus,4,no,no,no,no,,+5.0,+1.3,C-,R +0.8,,50%,100%,13.3,6.3,+7.0,,+5.0,+0.6,+1.3,,2,R +13.3,R +0.8,R +1.8
352,SurveyMonkey,11,no,no,yes,no,,+2.5,+1.3,C-,,,91%,64%,11.2,7.7,+3.5,,+2.5,+0.7,+1.3,,0,,,
353,Loyola University (New Orleans),2,no,no,no,no,,+9.6,+1.3,C-,D +0.8,,100%,50%,12.1,4.9,+7.2,,+9.6,+0.6,+1.3,,2,D +12.1,D +0.8,D +4.8
354,Clout Research/Wenzel Strategies,9,no,yes,no,no,,+4.7,+1.3,C-,R +1.7,,33%,67%,9.0,4.8,+4.2,,+4.7,+1.1,+1.3,,8,R +8.2,R +1.7,R +4.8
355,Data West Polling,3,no,no,no,no,,+7.0,+1.3,C-,D +1.3,,33%,100%,14.6,6.3,+8.3,,+7.0,+0.6,+1.3,,3,D +14.6,D +1.3,D +8.3
356,Baydoun Consulting,6,no,no,no,no,,+4.0,+1.3,C-,R +1.0,,83%,67%,6.8,5.2,+1.7,,+4.0,+0.7,+1.3,,4,R +8.7,R +1.0,R +6.6
357,Fort Hays State University,4,no,yes,no,no,,+9.3,+1.4,C-,,,50%,50%,23.8,9.7,+14.1,,+9.3,+1.1,+1.4,,0,,,
358,Brown University,12,no,yes,no,no,,+4.0,+1.4,C-,R +0.4,,83%,58%,11.4,7.1,+4.3,,+4.0,+1.2,+1.4,,7,R +2.2,R +0.4,R +0.7
359,Nielson Brothers Polling,6,no,no,no,no,,+4.1,+1.4,C-,D +1.4,,83%,50%,8.5,4.7,+3.8,,+4.1,+0.7,+1.4,,6,D +8.5,D +1.4,D +10.0
360,WCIA-TV,2,no,no,no,no,,+10.7,+1.4,C-,R +1.1,,100%,100%,18.3,6.2,+12.1,,+10.7,+0.7,+1.4,,2,R +18.3,R +1.1,R +8.8
361,CPEC LLC,3,no,no,no,no,,+7.7,+1.4,D+,,,100%,100%,16.2,7.8,+8.4,,+7.7,+0.7,+1.4,,0,,,
362,Marketing Workshop,7,no,no,no,no,,+4.0,+1.4,D+,D +0.3,,57%,57%,9.7,5.0,+4.7,,+4.0,+0.8,+1.4,,7,D +1.6,D +0.3,D +0.7
363,Riggs Research Services,1,no,no,no,no,,+24.0,+1.5,D+,D +1.1,,0%,100%,33.7,5.8,+27.9,,+24.0,+0.8,+1.5,,1,D +33.7,D +1.1,D +29.0
364,Dane & Associates,2,no,no,no,no,,+13.1,+1.5,D+,R +1.3,,50%,100%,21.2,5.0,+16.2,,+13.1,+0.8,+1.5,,2,R +21.2,R +1.3,R +10.5
365,Brigham Young University,4,no,no,no,no,,+7.2,+1.5,D+,D +1.9,,75%,75%,16.5,7.7,+8.9,,+7.2,+0.8,+1.5,,4,D +16.5,D +1.9,D +23.9
366,Massie & Associates,2,no,no,no,no,,+14.4,+1.6,D+,R +1.5,,0%,100%,23.9,6.6,+17.3,,+14.4,+0.9,+1.6,,2,R +23.9,R +1.5,
367,Valley Research,6,no,no,no,no,,+5.7,+1.6,D+,D +0.4,,83%,50%,11.5,4.5,+7.0,,+5.7,+1.0,+1.6,,6,D +2.4,D +0.4,D +1.4
368,Millersville University,5,no,no,no,no,,+7.2,+1.7,D,R +1.5,,80%,80%,14.1,5.1,+8.9,,+7.2,+1.0,+1.7,,5,R +10.5,R +1.5,R +6.3
369,Jayhawk Consulting,1,no,no,no,no,,+31.8,+1.8,D,D +1.4,,0%,100%,42.9,6.0,+36.9,,+31.8,+1.0,+1.8,,1,D +42.9,D +1.4,D +37.0
370,Mitchell Research & Communications,47,no,no,no,no,,+2.2,+1.8,D,R +0.1,,70%,36%,8.2,6.2,+2.0,,+2.2,+1.3,+1.8,,25,R +0.2,R +0.1,R +1.6
371,Humphrey Institute,10,no,no,no,no,,+6.8,+2.3,D-,D +0.8,,40%,30%,13.1,5.7,+7.4,,+6.8,+1.7,+2.3,,8,D +3.8,D +0.8,D +3.0
372,TCJ Research,133,no,no,no,yes,,+3.2,+3.0,F,R +4.5,,59%,49%,6.4,4.4,+2.1,,+3.2,+2.6,+3.0,,125,R +5.6,R +4.5,R +3.5
